omega_max,reflection,transmission,N_A_final,overlap_free_evol
13.578947368421051,0.8437191428069014,0.15595609841649957,0.00032475877659677807,0.03192170859514939
