omega_max,reflection,transmission,N_A_final,overlap_free_evol
6.0,0.8216791709808882,0.1780335468691478,0.0002872821499643082,0.059671391038412375
