omega_max,reflection,transmission,N_A_final,overlap_free_evol
6.526315789473684,0.8320267970105126,0.16767000230185253,0.00030320068763609216,0.04664114853111901
