omega_max,reflection,transmission,N_A_final,overlap_free_evol
8.105263157894736,0.847977025568426,0.15169376522971964,0.00032920920185581143,0.026962329035903995
