omega_max,reflection,transmission,N_A_final,overlap_free_evol
21.157894736842103,0.8109898425250983,0.18873277190771937,0.00027738556717657686,0.07204398302395912
