omega_max,reflection,transmission,N_A_final,overlap_free_evol
22.421052631578945,0.8053379383884316,0.1943924623475123,0.0002695992640540659,0.07896149170576401
