omega_max,reflection,transmission,N_A_final,overlap_free_evol
23.684210526315788,0.7997565095093931,0.19998145668663328,0.00026203380398654537,0.08579134679387543
