omega_max,reflection,transmission,N_A_final,overlap_free_evol
27.473684210526315,0.7835756084660572,0.21618358047093608,0.00024081106301116463,0.10557207011501053
