omega_max,reflection,transmission,N_A_final,overlap_free_evol
10.210526315789473,0.8519062714511427,0.14775714142559904,0.0003365871232564889,0.02197825679852852
