omega_max,reflection,transmission,N_A_final,overlap_free_evol
17.36842105263158,0.8280185643932442,0.171679844662897,0.0003015909438690241,0.05103163803043819
