omega_max,reflection,transmission,N_A_final,overlap_free_evol
11.052631578947368,0.8508968639691604,0.14876782729145868,0.00033530873938025356,0.023263611810522982
