omega_max,reflection,transmission,N_A_final,overlap_free_evol
8.526315789473685,0.8498099839180705,0.14985762914650325,0.0003323869354223095,0.024646106212917913
