omega_max,reflection,transmission,N_A_final,overlap_free_evol
14.842105263157894,0.838849076586726,0.1608334129033285,0.00031751050993357346,0.037878323593305945
