omega_max,reflection,transmission,N_A_final,overlap_free_evol
30.0,0.7733555028574537,0.2264165448141021,0.00022795232844328672,0.11805408550841551
