omega_max,reflection,transmission,N_A_final,overlap_free_evol
28.736842105263158,0.7783941452829224,0.22137161574441033,0.00023423897267474544,0.1119005284217921
