omega_max,reflection,transmission,N_A_final,overlap_free_evol
7.842105263157895,0.8464301254076333,0.15324328190868636,0.0003265926836806917,0.028885779264218658
