omega_max,reflection,transmission,N_A_final,overlap_free_evol
8.894736842105264,0.8509044534430886,0.14876120605312884,0.00033434050378112286,0.0232776272127607
