omega_max,reflection,transmission,N_A_final,overlap_free_evol
12.31578947368421,0.8478853704733773,0.15178368026239764,0.00033094926422887975,0.02686533937835295
