omega_max,reflection,transmission,N_A_final,overlap_free_evol
9.789473684210526,0.8519940214509587,0.14766943598882598,0.00033654256021418863,0.021890635274426147
