omega_max,reflection,transmission,N_A_final,overlap_free_evol
24.94736842105263,0.7942622394661368,0.20548305149093612,0.00025470904292996686,0.09212628801275437
