omega_max,reflection,transmission,N_A_final,overlap_free_evol
8.368421052631579,0.8492218202582574,0.1504468195811137,0.00033136016062621914,0.02541511770847299
