omega_max,reflection,transmission,N_A_final,overlap_free_evol
19.89473684210526,0.8166872539428346,0.18302738432688578,0.0002853617302761382,0.06506889907581409
