omega_max,reflection,transmission,N_A_final,overlap_free_evol
16.105263157894736,0.8335552008242282,0.16613511365584546,0.0003096855199315217,0.04435344503972177
