omega_max,reflection,transmission,N_A_final,overlap_free_evol
26.210526315789473,0.7888662713719508,0.21088609478505693,0.0002476338429837572,0.09865879803624404
