omega_max,reflection,transmission,N_A_final,overlap_free_evol
18.63157894736842,0.8223932377066108,0.17731328724696502,0.000293475046419102,0.05808007833716976
