omega_max,reflection,transmission,N_A_final,overlap_free_evol
7.2631578947368425,0.8416754090955108,0.15800585609019158,0.0003187348143008141,0.03474627741046461
