omega_0,reflection,transmission,R_coef_sum,T_coef_sum
3.068421052631579,0.13789688426235402,0.862103115737646,0.13358014302604038,0.8664198569739596
