omega_0,reflection,transmission,R_coef_sum,T_coef_sum
3.0894736842105264,0.09688026565328778,0.9031197343467122,0.09472040132528002,0.90527959867472
