omega_0,reflection,transmission,R_coef_sum,T_coef_sum
3.0789473684210527,0.11476230452086045,0.8852376954791396,0.11174866356613676,0.8882513364338632
