omega_0,reflection,transmission,R_coef_sum,T_coef_sum
3.036842105263158,0.3389677686659931,0.6610322313340069,0.31569698114476197,0.684303018855238
