omega_0,reflection,transmission,R_coef_sum,T_coef_sum
2.9,0.0973939885770927,0.9026060114229073,0.09523814449766883,0.9047618555023311
