omega_0,reflection,transmission,R_coef_sum,T_coef_sum
2.942105263157895,0.3417059609651172,0.6582940390348828,0.31823866435884574,0.6817613356411543
