omega_0,reflection,transmission,R_coef_sum,T_coef_sum
3.026315789473684,0.5607204273255908,0.43927957267440915,0.5065025774603854,0.4934974225396146
