omega_0,reflection,transmission,R_coef_sum,T_coef_sum
2.931578947368421,0.21067477074248564,0.7893252292575144,0.20099976150922977,0.7990002384907702
