omega_0,reflection,transmission,R_coef_sum,T_coef_sum
2.9105263157894736,0.13874845527963098,0.861251544720369,0.13442362324464238,0.8655763767553576
