omega_0,reflection,transmission,R_coef_sum,T_coef_sum
2.9210526315789473,0.16949387671672111,0.8305061232832789,0.1631121027493452,0.8368878972506548
