omega_0,reflection,transmission,R_coef_sum,T_coef_sum
2.9947368421052634,0.9781150701161572,0.021884929883842826,0.8519900838580824,0.1480099161419176
