omega_0,reflection,transmission,R_coef_sum,T_coef_sum
3.0157894736842104,0.7007514693694057,0.29924853063059426,0.6238848580418702,0.3761151419581298
