omega_0,reflection,transmission,R_coef_sum,T_coef_sum
3.0052631578947366,0.8370862889242822,0.16291371107571784,0.7366007895068128,0.26339921049318715
