omega_0,reflection,transmission,R_coef_sum,T_coef_sum
3.057894736842105,0.20916189098936966,0.7908381090106303,0.19954154505012825,0.8004584549498718
