omega_0,reflection,transmission,R_coef_sum,T_coef_sum
3.0473684210526315,0.26437007086077446,0.7356299291392255,0.24948700878111899,0.750512991218881
