omega_0,reflection,transmission,R_coef_sum,T_coef_sum
2.963157894736842,0.5649631069420453,0.4350368930579547,0.5102897040182598,0.4897102959817402
