omega_0,reflection,transmission,R_coef_sum,T_coef_sum
3.1,0.08281568378480042,0.9171843162151996,0.08123022847912284,0.9187697715208771
