omega_0,reflection,transmission,R_coef_sum,T_coef_sum
2.973684210526316,0.8410040967150396,0.1589959032849604,0.7400010432855685,0.2599989567144315
