omega_0,reflection,transmission,R_coef_sum,T_coef_sum
2.9842105263157896,0.941515946390723,0.05848405360927698,0.8222316187179683,0.17776838128203165
