omega_0,reflection,transmission,R_coef_sum,T_coef_sum
2.9526315789473685,0.4410183608349598,0.5589816391650402,0.4046040272954438,0.5953959727045561
