omega_max,reflection,transmission,N_A_final,overlap_free_evol
9.421052631578947,0.8517815360793428,0.14788243481635763,0.00033602910429987175,0.022170956996615494
