omega_max,reflection,transmission,N_A_final,overlap_free_evol
6.7894736842105265,0.8360371421648487,0.1636533359443312,0.00030952189082159823,0.04168429729855299
