omega_max,reflection,transmission,N_A_final,overlap_free_evol
9.157894736842106,0.8514363050767403,0.14822834914561456,0.00033534577764427576,0.0226102591932685
