omega_max,reflection,transmission,N_A_final,overlap_free_evol
8.631578947368421,0.8501648168742978,0.14950217117166453,0.0003330119540293538,0.024203137653057726
