omega_max,reflection,transmission,N_A_final,overlap_free_evol
9.68421052631579,0.8519633154372492,0.14770024033486673,0.0003364442278842276,0.021933552552647895
