omega_max,reflection,transmission,N_A_final,overlap_free_evol
11.0,0.8509797076829956,0.14868486772526518,0.0003354245917383684,0.023166552498069374
