omega_max,reflection,transmission,N_A_final,overlap_free_evol
10.473684210526315,0.8516979989418904,0.1479656402748602,0.0003363607832470362,0.022221536475443164
