omega_max,reflection,transmission,N_A_final,overlap_free_evol
7.578947368421053,0.844535681744993,0.15514087285179642,0.0003234454032139211,0.031201818083845857
