omega_max,reflection,transmission,N_A_final,overlap_free_evol
9.947368421052632,0.8519995573178984,0.14766382127404457,0.0003366214080559453,0.021875869198793987
