omega_max,reflection,transmission,N_A_final,overlap_free_evol
7.052631578947368,0.8394339756467398,0.1602509342436224,0.00031509010964221254,0.037519822026458476
