omega_max,reflection,transmission,N_A_final,overlap_free_evol
6.2631578947368425,0.8272316868262068,0.17247255237699916,0.00029576079679185613,0.0525640979310882
