omega_max,reflection,transmission,N_A_final,overlap_free_evol
7.315789473684211,0.8422241840957472,0.15745618258881267,0.00031963331543743935,0.034066347814097696
