omega_max,reflection,transmission,N_A_final,overlap_free_evol
10.736842105263158,0.851385974077407,0.14827805778588068,0.0003359681367141764,0.022695924438931894
